{"eval/runtime":6614.996,"eval/loss":1.7160476446151733,"eval/bleu":0.26673735574683183,"eval/samples_per_second":0.484,"_runtime":7738.261353117,"_timestamp":1.744990471876001e+09,"eval/rougeL":0.45786468633905075,"eval/rouge1":0.4713892080205887,"train/loss":1.9017,"eval/rouge2":0.39029522576520914,"_wandb":{"runtime":7793},"train/learning_rate":0.0008874999999999999,"train/global_step":450,"train/epoch":1.12,"_step":9,"eval/steps_per_second":0.484}