{"_runtime":139.259756187,"_step":189,"train/loss":0,"train/epoch":1.52,"train/global_step":189,"_wandb":{"runtime":140},"_timestamp":1.744980511696336e+09}