{"_wandb":{"runtime":1151},"eval/bleu":0.11349287750465238,"train/train_loss":0.5478988647460937,"train/train_steps_per_second":0.087,"train/epoch":80,"eval/samples_per_second":0.237,"eval/rouge2":0.13189964157706094,"train/learning_rate":0,"_timestamp":1.7449762760712965e+09,"eval/steps_per_second":0.237,"_runtime":1151.87020983,"eval/runtime":12.6498,"train/loss":0.4731,"_step":82,"train/train_samples_per_second":0.262,"train/global_step":100,"train/total_flos":1.6695095721984e+14,"eval/rouge1":0.3443246365649369,"eval/loss":2.946536064147949,"eval/rougeL":0.26610185809184556,"train/train_runtime":1146.8031}