{"_wandb":{"runtime":280},"train/loss":2.0693,"train/learning_rate":0.0009875,"train/epoch":0.25,"train/global_step":100,"_timestamp":1.7449825624260824e+09,"_runtime":221.839704079,"_step":1}