{"eval/rouge2":0.05823946599916563,"eval/rougeL":0.1649929421254285,"eval/rouge1":0.24125831820931642,"eval/steps_per_second":0.219,"train/epoch":10,"_step":9,"eval/bleu":0.03283641816182379,"_timestamp":1.7449751009712074e+09,"_wandb":{"runtime":158},"train/global_step":12,"eval/loss":2.9201459884643555,"_runtime":152.227759072,"eval/samples_per_second":0.219,"eval/runtime":13.7085}