{"eval/loss":1.5676653385162354,"train/train_runtime":16187.3994,"eval/runtime":4010.6709,"eval/rougeL":0.4625488070910404,"eval/steps_per_second":0.798,"_step":27,"train/train_loss":1.903093713124593,"train/total_flos":6.6780382887936e+15,"_wandb":{"runtime":16198},"eval/bleu":0.21222695045841328,"eval/samples_per_second":0.798,"eval/rouge2":0.3949291900549784,"_runtime":16198.731941302,"train/loss":1.7423,"eval/rouge1":0.47717481137188883,"train/train_samples_per_second":0.593,"train/global_step":1200,"train/epoch":3,"train/learning_rate":0,"_timestamp":1.7450120437580547e+09,"train/train_steps_per_second":0.074}