{"eval/loss":2.920866012573242,"eval/steps_per_second":0.234,"train/global_step":3,"train/train_steps_per_second":0.075,"_timestamp":1.744974787313764e+09,"train/train_loss":0.9021538893381754,"train/train_samples_per_second":0.226,"train/total_flos":5.565031907328e+12,"_step":3,"_wandb":{"runtime":45},"eval/runtime":12.796,"_runtime":45.300345102,"eval/rouge1":0.24125831820931642,"eval/rougeL":0.1649929421254285,"eval/samples_per_second":0.234,"eval/bleu":0.03283641816182379,"train/train_runtime":39.8979,"train/epoch":2.67,"eval/rouge2":0.05823946599916563}